[{"pk": 1, "model": "econ_analysis.commercialgrossrevenue", "fields": {"gross_revenue": 10615878.0, "species": 2, "port": 1}}, {"pk": 2, "model": "econ_analysis.commercialgrossrevenue", "fields": {"gross_revenue": 2127.0, "species": 3, "port": 1}}, {"pk": 3, "model": "econ_analysis.commercialgrossrevenue", "fields": {"gross_revenue": 391258.0, "species": 4, "port": 1}}, {"pk": 4, "model": "econ_analysis.commercialgrossrevenue", "fields": {"gross_revenue": 189503.0, "species": 5, "port": 1}}, {"pk": 5, "model": "econ_analysis.commercialgrossrevenue", "fields": {"gross_revenue": 251315.0, "species": 6, "port": 1}}, {"pk": 6, "model": "econ_analysis.commercialgrossrevenue", "fields": {"gross_revenue": 16532.0, "species": 7, "port": 1}}, {"pk": 7, "model": "econ_analysis.commercialgrossrevenue", "fields": {"gross_revenue": 5986.0, "species": 8, "port": 1}}, {"pk": 8, "model": "econ_analysis.commercialgrossrevenue", "fields": {"gross_revenue": 1756959.0, "species": 2, "port": 2}}, {"pk": 9, "model": "econ_analysis.commercialgrossrevenue", "fields": {"gross_revenue": 19776.0, "species": 4, "port": 2}}, {"pk": 10, "model": "econ_analysis.commercialgrossrevenue", "fields": {"gross_revenue": 11671.0, "species": 5, "port": 2}}, {"pk": 11, "model": "econ_analysis.commercialgrossrevenue", "fields": {"gross_revenue": 44428.0, "species": 1, "port": 3}}, {"pk": 12, "model": "econ_analysis.commercialgrossrevenue", "fields": {"gross_revenue": 5062040.0, "species": 2, "port": 3}}, {"pk": 13, "model": "econ_analysis.commercialgrossrevenue", "fields": {"gross_revenue": 9574.0, "species": 3, "port": 3}}, {"pk": 14, "model": "econ_analysis.commercialgrossrevenue", "fields": {"gross_revenue": 51344.0, "species": 4, "port": 3}}, {"pk": 15, "model": "econ_analysis.commercialgrossrevenue", "fields": {"gross_revenue": 202095.0, "species": 5, "port": 3}}, {"pk": 16, "model": "econ_analysis.commercialgrossrevenue", "fields": {"gross_revenue": 106148.0, "species": 7, "port": 3}}, {"pk": 17, "model": "econ_analysis.commercialgrossrevenue", "fields": {"gross_revenue": 20445.0, "species": 8, "port": 3}}, {"pk": 18, "model": "econ_analysis.commercialgrossrevenue", "fields": {"gross_revenue": 18626.0, "species": 2, "port": 4}}, {"pk": 19, "model": "econ_analysis.commercialgrossrevenue", "fields": {"gross_revenue": 14575.0, "species": 4, "port": 4}}, {"pk": 20, "model": "econ_analysis.commercialgrossrevenue", "fields": {"gross_revenue": 63003.0, "species": 5, "port": 4}}, {"pk": 21, "model": "econ_analysis.commercialgrossrevenue", "fields": {"gross_revenue": 1015833.0, "species": 2, "port": 5}}, {"pk": 22, "model": "econ_analysis.commercialgrossrevenue", "fields": {"gross_revenue": 143137.0, "species": 4, "port": 5}}, {"pk": 23, "model": "econ_analysis.commercialgrossrevenue", "fields": {"gross_revenue": 2556982.0, "species": 5, "port": 5}}, {"pk": 24, "model": "econ_analysis.commercialgrossrevenue", "fields": {"gross_revenue": 670057.0, "species": 9, "port": 5}}, {"pk": 25, "model": "econ_analysis.commercialgrossrevenue", "fields": {"gross_revenue": 264179.0, "species": 10, "port": 5}}, {"pk": 26, "model": "econ_analysis.commercialgrossrevenue", "fields": {"gross_revenue": 2401.0, "species": 2, "port": 6}}, {"pk": 27, "model": "econ_analysis.commercialgrossrevenue", "fields": {"gross_revenue": 22362.0, "species": 4, "port": 6}}, {"pk": 28, "model": "econ_analysis.commercialgrossrevenue", "fields": {"gross_revenue": 4362.0, "species": 5, "port": 6}}, {"pk": 29, "model": "econ_analysis.commercialgrossrevenue", "fields": {"gross_revenue": 226722.0, "species": 9, "port": 6}}, {"pk": 30, "model": "econ_analysis.commercialgrossrevenue", "fields": {"gross_revenue": 105897.0, "species": 10, "port": 6}}, {"pk": 1, "model": "econ_analysis.commercialcosts", "fields": {"fuel": 25.0, "percentage_costs": 83.0, "fixed": 25.0, "species": 1, "crew": 33.0}}, {"pk": 2, "model": "econ_analysis.commercialcosts", "fields": {"fuel": 9.6999999999999993, "percentage_costs": 62.899999999999999, "fixed": 25.199999999999999, "species": 2, "crew": 28.0}}, {"pk": 3, "model": "econ_analysis.commercialcosts", "fields": {"fuel": 12.699999999999999, "percentage_costs": 58.0, "fixed": 16.0, "species": 3, "crew": 29.300000000000001}}, {"pk": 4, "model": "econ_analysis.commercialcosts", "fields": {"fuel": 11.6, "percentage_costs": 53.899999999999999, "fixed": 24.0, "species": 4, "crew": 18.300000000000001}}, {"pk": 5, "model": "econ_analysis.commercialcosts", "fields": {"fuel": 10.5, "percentage_costs": 58.700000000000003, "fixed": 24.899999999999999, "species": 5, "crew": 23.300000000000001}}, {"pk": 6, "model": "econ_analysis.commercialcosts", "fields": {"fuel": 7.4000000000000004, "percentage_costs": 62.899999999999999, "fixed": 26.300000000000001, "species": 6, "crew": 29.199999999999999}}, {"pk": 7, "model": "econ_analysis.commercialcosts", "fields": {"fuel": 24.899999999999999, "percentage_costs": 60.600000000000001, "fixed": 29.399999999999999, "species": 7, "crew": 6.2999999999999998}}, {"pk": 8, "model": "econ_analysis.commercialcosts", "fields": {"fuel": 24.5, "percentage_costs": 53.899999999999999, "fixed": 25.800000000000001, "species": 8, "crew": 3.6000000000000001}}, {"pk": 9, "model": "econ_analysis.commercialcosts", "fields": {"fuel": 11.699999999999999, "percentage_costs": 48.200000000000003, "fixed": 18.699999999999999, "species": 9, "crew": 17.800000000000001}}, {"pk": 10, "model": "econ_analysis.commercialcosts", "fields": {"fuel": 0.0, "percentage_costs": 30.0, "fixed": 30.0, "species": 10, "crew": 0.0}}, {"pk": 1, "model": "econ_analysis.commercialport", "fields": {"name": "Crescent City"}}, {"pk": 2, "model": "econ_analysis.commercialport", "fields": {"name": "Trinidad"}}, {"pk": 3, "model": "econ_analysis.commercialport", "fields": {"name": "Eureka"}}, {"pk": 4, "model": "econ_analysis.commercialport", "fields": {"name": "Shelter Cove"}}, {"pk": 5, "model": "econ_analysis.commercialport", "fields": {"name": "Fort Bragg"}}, {"pk": 6, "model": "econ_analysis.commercialport", "fields": {"name": "Albion"}}, {"pk": 1, "model": "econ_analysis.commercialspecies", "fields": {"name": "Anchovy/Sardine (Lampara Net)"}}, {"pk": 2, "model": "econ_analysis.commercialspecies", "fields": {"name": "Dungeness Crab (Trap)"}}, {"pk": 3, "model": "econ_analysis.commercialspecies", "fields": {"name": "Herring (Seine)"}}, {"pk": 4, "model": "econ_analysis.commercialspecies", "fields": {"name": "Rockfish (Fixed Gear)"}}, {"pk": 5, "model": "econ_analysis.commercialspecies", "fields": {"name": "Salmon (Troll)"}}, {"pk": 6, "model": "econ_analysis.commercialspecies", "fields": {"name": "Shrimp (Trap)"}}, {"pk": 7, "model": "econ_analysis.commercialspecies", "fields": {"name": "Smelt (Brail \u2013 Dip Net)"}}, {"pk": 8, "model": "econ_analysis.commercialspecies", "fields": {"name": "Surfperch (Hook and Line)"}}, {"pk": 9, "model": "econ_analysis.commercialspecies", "fields": {"name": "Urchin (Dive Captain)"}}, {"pk": 10, "model": "econ_analysis.commercialspecies", "fields": {"name": "Urchin (Walk-on Dive)"}}, {"pk": 3, "model": "econ_analysis.cpfvport", "fields": {"name": "Crescent City"}}, {"pk": 4, "model": "econ_analysis.cpfvport", "fields": {"name": "Trinidad"}}, {"pk": 5, "model": "econ_analysis.cpfvport", "fields": {"name": "Eureka"}}, {"pk": 6, "model": "econ_analysis.cpfvport", "fields": {"name": "Shelter Cove"}}, {"pk": 7, "model": "econ_analysis.cpfvport", "fields": {"name": "Fort Bragg"}}, {"pk": 1, "model": "econ_analysis.cpfvgrossrevenue", "fields": {"gross_revenue": 100.0, "port": 3}}, {"pk": 2, "model": "econ_analysis.cpfvgrossrevenue", "fields": {"gross_revenue": 100.0, "port": 4}}, {"pk": 3, "model": "econ_analysis.cpfvgrossrevenue", "fields": {"gross_revenue": 100.0, "port": 5}}, {"pk": 4, "model": "econ_analysis.cpfvgrossrevenue", "fields": {"gross_revenue": 100.0, "port": 6}}, {"pk": 5, "model": "econ_analysis.cpfvgrossrevenue", "fields": {"gross_revenue": 100.0, "port": 7}}, {"pk": 1, "model": "econ_analysis.cpfvcosts", "fields": {"fuel": 8.6999999999999993, "percentage_costs": 51.799999999999997, "fixed": 16.100000000000001, "port": 3, "crew": 27.0}}, {"pk": 2, "model": "econ_analysis.cpfvcosts", "fields": {"fuel": 8.6999999999999993, "percentage_costs": 51.799999999999997, "fixed": 16.100000000000001, "port": 4, "crew": 27.0}}, {"pk": 3, "model": "econ_analysis.cpfvcosts", "fields": {"fuel": 8.6999999999999993, "percentage_costs": 51.799999999999997, "fixed": 16.100000000000001, "port": 5, "crew": 27.0}}, {"pk": 4, "model": "econ_analysis.cpfvcosts", "fields": {"fuel": 8.6999999999999993, "percentage_costs": 51.799999999999997, "fixed": 16.100000000000001, "port": 6, "crew": 27.0}}, {"pk": 5, "model": "econ_analysis.cpfvcosts", "fields": {"fuel": 8.6999999999999993, "percentage_costs": 51.799999999999997, "fixed": 16.100000000000001, "port": 7, "crew": 27.0}}]
